{"cameraMode":{"drawMode":0,"name":"Shaded","section":"Shading Mode"},"sceneLighting":true,"audioPlay":false,"sceneViewState":{"showFog":true,"showMaterialUpdate":false,"showSkybox":true,"showFlares":true,"showImageEffects":true,"showParticleSystems":true},"in2DMode":false,"pivot":{"x":862.2093505859375,"y":509.3157653808594,"z":0.0},"rotation":{"x":0.03897465392947197,"y":-0.02817860245704651,"z":0.0010995143093168736,"w":0.9988435506820679},"size":74.03652954101563,"orthographic":true}