{"cameraMode":{"drawMode":0,"name":"Shaded","section":"Shading Mode"},"sceneLighting":true,"audioPlay":false,"sceneViewState":{"showFog":true,"showMaterialUpdate":false,"showSkybox":true,"showFlares":true,"showImageEffects":true,"showParticleSystems":true},"in2DMode":false,"pivot":{"x":831.8675537109375,"y":497.1951904296875,"z":0.0},"rotation":{"x":0.03747231885790825,"y":0.0317685641348362,"z":-0.0011918904492631555,"w":0.9987936019897461},"size":119.32139587402344,"orthographic":true}